序号,链接,节点数
0,https://raw.githubusercontent.com/Pawdroid/Free-servers/refs/heads/main/static/sub_de,20
1,https://raw.githubusercontent.com/Pawdroid/Free-servers/refs/heads/main/static/sub_fr,20
2,https://raw.githubusercontent.com/Pawdroid/Free-servers/refs/heads/main/static/sub_ja,20
3,https://raw.githubusercontent.com/Pawdroid/Free-servers/refs/heads/main/static/sub_ko-KR,20
4,https://raw.githubusercontent.com/PuddinCat/BestClash/refs/heads/main/proxies.yaml,16
5,https://raw.githubusercontent.com/abshare/abshare.github.io/main/README.md,38
6,https://raw.githubusercontent.com/freefq/free/master/v2,15
7,https://raw.githubusercontent.com/kkkouo/kkkouo.github.io/main/djsdy,5
8,https://raw.githubusercontent.com/mksshare/mksshare.github.io/main/README.md,0
9,https://raw.githubusercontent.com/ripaojiedian/freenode/main/clash,14
10,https://raw.githubusercontent.com/ripaojiedian/freenode/main/sub,14
11,dynamic://kkzui,0
12,dynamic://sharkdoor,0

总计,,44
